{
  "hospitals": {
    "hospital":
    [
      {
        "name":"apollo",
        "id":10,
        "specialists":[
          {
            "type": "Dentist",
            "name": "sandhya",
            "availableday": "Monday,Wednesday",
            "availableTime": "5 to 6",
            "isAvailable": "Y",
            "hospitalId": 946
          },
          {
            "type": "Neurologist",
            "name": "saranya",
            "availableday": "Monday,Thursday",
            "availableTime": "6 to 8",
            "isAvailable": "N",
            "hospitalId": 946
          }
        ]
      },
      {
        "name":"aster",
        "id":11,
        "specialists":[
          {
            "type": "Dentist",
            "name": "sravan",
            "availableday": "Monday,Wednesday",
            "availableTime": "5 to 6",
            "isAvailable": "Y",
            "hospitalId": 540
          },
          {
            "type": "Dermatologist",
            "name": "arun",
            "availableday": "Monday,Thursday",
            "availableTime": "6 to 8",
            "isAvailable": "N",
            "hospitalId": 540
          }

        ]
      }
    ]
  }
}
